Theatre,in-house performances,off-site performances,TOTAL PERFORMANCES,in-house visitors,off-site visitors,TOTAL VISITORS,ONLINE
Vanemuine,353,78,431,121538,22735,144273,0
Eesti Draamateater,384,67,451,107497,20512,128009,0
Ugala Teater,255,98,353,58135,25840,83975,0
Endla Teater,148,216,364,35300,45662,80962,0
Eesti Noorsooteater,364,110,474,56980,11365,68345,0
Rakvere Teater,197,152,349,29799,30202,60001,0
Südalinna Teater,296,32,328,47375,5358,52733,0
VAT Teater,24,141,165,2782,22271,25053,201
Teater Nuutrum,64,83,147,8865,15989,24854,0
Kellerteater,33,123,156,2929,18490,21419,0
Piip ja Tuut Teater,98,98,196,5646,15711,21357,0
Teater Sõber,0,220,220,0,19295,19295,0
Von Krahli Teater,142,16,158,16635,1302,17937,0